<?xml version="1.0" encoding="UTF-8"?>
<site xmlns="http://www.demandware.com/xml/impex/site/2007-04-30" site-id="Insurance">
    <name>Insurance</name>
    <currency>USD</currency>
    <taxation>net</taxation>
    <custom-cartridges>plugin_pd_qb_lib:insurance:plugin_vlocity_ins:app_storefront_base:int_vlocity_ins:test_vlocity_ins</custom-cartridges>
    <storefront-status>online</storefront-status>
    <home-page-meta-tag-rules>
        <page-meta-tag-rule rule-id="Homepage Title"/>
        <page-meta-tag-rule rule-id="Homepage Robots"/>
        <page-meta-tag-rule rule-id="Homepage Open Graph URL"/>
    </home-page-meta-tag-rules>
</site>
