{
  "name": "1 Row 1 Column Full Width",
  "group": "qb_custom_layouts",
  "attribute_definition_groups": [],
  "region_definitions": [
      {
        "id":"column1",
        "name":"Column 1",
        "max_components":1,
        "component_type_exclusions": [
          { "type_id": "layouts.1column" },
          { "type_id": "layouts.2column" },
          { "type_id": "layouts.3column" },
          { "type_id": "layouts.4column" },
          { "type_id": "layouts.gridcomponentlayout" },
          { "type_id": "einstein.noanchorgrid" }
        ]
      }
  ]
}
