<?xml version="1.0" encoding="UTF-8"?>
<metadata xmlns="http://www.demandware.com/xml/impex/metadata/2006-10-31">
    <type-extension type-id="Basket">
        <custom-attribute-definitions>
            <attribute-definition attribute-id="vlocity_cmt_custAuthenticated">
                <display-name xml:lang="x-default">Customer Authenticated</display-name>
                <type>boolean</type>
                <mandatory-flag>false</mandatory-flag>
                <externally-managed-flag>false</externally-managed-flag>
            </attribute-definition>
            <attribute-definition attribute-id="vlocity_cmt_BasketResponse">
                <display-name xml:lang="x-default">Basket Response</display-name>
                <type>text</type>
                <mandatory-flag>false</mandatory-flag>
                <externally-managed-flag>false</externally-managed-flag>
            </attribute-definition>
            <attribute-definition attribute-id="vlocity_cmt_assetContext">
                <display-name xml:lang="x-default">Vlocity Assets Context</display-name>
                <type>text</type>
                <mandatory-flag>false</mandatory-flag>
                <externally-managed-flag>false</externally-managed-flag>
            </attribute-definition>
            <attribute-definition attribute-id="vlocity_cmt_customerContext">
                <display-name xml:lang="x-default">Customer Context for Vlocity Assets</display-name>
                <type>text</type>
                <mandatory-flag>false</mandatory-flag>
                <externally-managed-flag>false</externally-managed-flag>
            </attribute-definition>
            <attribute-definition attribute-id="vlocity_cmt_cartContextKey">
                <display-name xml:lang="x-default">Cart Context Key</display-name>
                <type>string</type>
                <mandatory-flag>false</mandatory-flag>
                <externally-managed-flag>false</externally-managed-flag>
                <min-length>0</min-length>
            </attribute-definition>
            <attribute-definition attribute-id="vlocity_cmt_cartItemCount">
                <display-name xml:lang="x-default">Number of products in basket</display-name>
                <type>string</type>
                <mandatory-flag>false</mandatory-flag>
                <externally-managed-flag>false</externally-managed-flag>
                <min-length>0</min-length>
            </attribute-definition>
            <attribute-definition attribute-id="vlocity_cmt_basketContentChange">
                <display-name xml:lang="x-default">Basket Content Change</display-name>
                <type>boolean</type>
                <mandatory-flag>false</mandatory-flag>
                <externally-managed-flag>false</externally-managed-flag>
            </attribute-definition>
            <attribute-definition attribute-id="vlocity_cmt_cacheKey">
                <display-name xml:lang="x-default">Previous Cache Key</display-name>
                <type>string</type>
                <mandatory-flag>false</mandatory-flag>
                <externally-managed-flag>false</externally-managed-flag>
                <min-length>0</min-length>
            </attribute-definition>
            <attribute-definition attribute-id="vlocity_cmt_catalogPublishDate">
                <display-name xml:lang="x-default">Vlocity Catalog Publish Date</display-name>
                <type>string</type>
                <mandatory-flag>false</mandatory-flag>
                <externally-managed-flag>false</externally-managed-flag>
                <min-length>0</min-length>
            </attribute-definition>
        </custom-attribute-definitions>
    </type-extension>

    <type-extension type-id="Order">
        <custom-attribute-definitions>
            <attribute-definition attribute-id="vlocity_cmt_orderId">
                <display-name xml:lang="x-default">OrderId</display-name>
                <description xml:lang="x-default">Store the 18 digit OrderId from Salesforce</description>
                <type>string</type>
                <mandatory-flag>false</mandatory-flag>
                <externally-managed-flag>false</externally-managed-flag>
                <min-length>0</min-length>
            </attribute-definition>
        </custom-attribute-definitions>
        <group-definitions>
            <attribute-group group-id="OrderExternalIds">
                <display-name xml:lang="x-default">Vlocity Order Details</display-name>
                <attribute attribute-id="vlocity_cmt_orderId"/>
                <attribute attribute-id="originalOrderNo" system="true"/>
                <attribute attribute-id="orderNo" system="true"/>
            </attribute-group>
        </group-definitions>
    </type-extension>

    <type-extension type-id="Product">
        <custom-attribute-definitions>
            <attribute-definition attribute-id="vlocity_cmt_productStructure">
                <display-name xml:lang="x-default">Product Structure</display-name>
                <type>text</type>
                <localizable-flag>false</localizable-flag>
                <site-specific-flag>false</site-specific-flag>
                <mandatory-flag>false</mandatory-flag>
                <visible-flag>false</visible-flag>
                <externally-managed-flag>false</externally-managed-flag>
                <order-required-flag>false</order-required-flag>
                <externally-defined-flag>false</externally-defined-flag>
            </attribute-definition>
            <attribute-definition attribute-id="vlocity_cmt_attributeMetadata">
                <display-name xml:lang="x-default">Attribute MetaData</display-name>
                <type>text</type>
                <localizable-flag>false</localizable-flag>
                <site-specific-flag>false</site-specific-flag>
                <mandatory-flag>false</mandatory-flag>
                <visible-flag>false</visible-flag>
                <externally-managed-flag>false</externally-managed-flag>
                <order-required-flag>false</order-required-flag>
                <externally-defined-flag>false</externally-defined-flag>
            </attribute-definition>
            <attribute-definition attribute-id="vlocity_cmt_primaryCategory">
                <display-name xml:lang="x-default">Primary Category</display-name>
                <type>text</type>
                <localizable-flag>false</localizable-flag>
                <site-specific-flag>false</site-specific-flag>
                <mandatory-flag>false</mandatory-flag>
                <visible-flag>false</visible-flag>
                <externally-managed-flag>false</externally-managed-flag>
                <order-required-flag>false</order-required-flag>
                <externally-defined-flag>false</externally-defined-flag>
            </attribute-definition>
            <attribute-definition attribute-id="vlocity_cmt_productHierarchy">
                <display-name xml:lang="x-default">Vlocity Product Hierarchy</display-name>
                <type>text</type>
                <localizable-flag>false</localizable-flag>
                <site-specific-flag>false</site-specific-flag>
                <mandatory-flag>false</mandatory-flag>
                <visible-flag>false</visible-flag>
                <externally-managed-flag>false</externally-managed-flag>
                <order-required-flag>false</order-required-flag>
                <externally-defined-flag>false</externally-defined-flag>
            </attribute-definition>
        </custom-attribute-definitions>
        <group-definitions>
            <attribute-group group-id="Vlocity">
                <display-name xml:lang="x-default">Vlocity Attributes</display-name>
                <attribute attribute-id="vlocity_cmt_primaryCategory"/>
                <attribute attribute-id="vlocity_cmt_attributeMetadata"/>
                <attribute attribute-id="vlocity_cmt_productHierarchy"/>
                <attribute attribute-id="vlocity_cmt_productStructure"/>
            </attribute-group>
        </group-definitions>
    </type-extension>

    <type-extension type-id="ProductLineItem">
        <custom-attribute-definitions>
            <attribute-definition attribute-id="bonusProductLineItemUUID">
                <display-name xml:lang="x-default">Bonus Product Line Item UUID</display-name>
                <description xml:lang="x-default">This represents the UUID of the product line item that holds the qualifying product.</description>
                <type>string</type>
                <mandatory-flag>false</mandatory-flag>
                <externally-managed-flag>false</externally-managed-flag>
                <min-length>0</min-length>
            </attribute-definition>
            <attribute-definition attribute-id="bundleContextKey">
                <display-name xml:lang="x-default">Bundle Context Key</display-name>
                <type>string</type>
                <mandatory-flag>false</mandatory-flag>
                <externally-managed-flag>false</externally-managed-flag>
                <min-length>0</min-length>
            </attribute-definition>
            <attribute-definition attribute-id="fromStoreId">
                <display-name xml:lang="x-default">From Store ID</display-name>
                <description xml:lang="x-default">Links the store to the product line item for grouping shipments in the checkout process.</description>
                <type>string</type>
                <mandatory-flag>false</mandatory-flag>
                <externally-managed-flag>false</externally-managed-flag>
                <min-length>0</min-length>
            </attribute-definition>
            <attribute-definition attribute-id="lineItemKey">
                <display-name xml:lang="x-default">Line Item Key</display-name>
                <type>string</type>
                <mandatory-flag>false</mandatory-flag>
                <externally-managed-flag>false</externally-managed-flag>
                <min-length>0</min-length>
            </attribute-definition>
            <attribute-definition attribute-id="parentItemUUID">
                <display-name xml:lang="x-default">Parent Item UUID</display-name>
                <type>string</type>
                <mandatory-flag>false</mandatory-flag>
                <externally-managed-flag>false</externally-managed-flag>
                <min-length>0</min-length>
            </attribute-definition>
            <attribute-definition attribute-id="vlocity_cmt_pricingStatus">
                <display-name xml:lang="x-default">Line Item Status</display-name>
                <description xml:lang="x-default">Reflect pricing, quantity, or product changes due to pricing call.</description>
                <type>enum-of-string</type>
                <mandatory-flag>false</mandatory-flag>
                <externally-managed-flag>false</externally-managed-flag>
                <value-definitions>
                    <value-definition>
                        <display xml:lang="x-default">No change</display>
                        <value>unchanged</value>
                    </value-definition>
                    <value-definition>
                        <display xml:lang="x-default">Pricing Change</display>
                        <value>priceChange</value>
                    </value-definition>
                    <value-definition>
                        <display xml:lang="x-default">Quantity Change</display>
                        <value>quantityChange</value>
                    </value-definition>
                    <value-definition>
                        <display xml:lang="x-default">New Product</display>
                        <value>newOffer</value>
                    </value-definition>
                </value-definitions>
            </attribute-definition>
            <attribute-definition attribute-id="preOrderUUID">
                <display-name xml:lang="x-default">pre order uuid</display-name>
                <description xml:lang="x-default">this custom attribute captures the original product line item uuid before it is part of an placed order</description>
                <type>string</type>
                <mandatory-flag>false</mandatory-flag>
                <externally-managed-flag>false</externally-managed-flag>
                <min-length>0</min-length>
            </attribute-definition>
            <attribute-definition attribute-id="isVAsset">
                <display-name xml:lang="x-default">Vlocity Asset</display-name>
                <type>boolean</type>
                <mandatory-flag>false</mandatory-flag>
                <externally-managed-flag>false</externally-managed-flag>
            </attribute-definition>
            <attribute-definition attribute-id="preOrderUUID">
                <display-name xml:lang="x-default">pre order uuid</display-name>
                <description xml:lang="x-default">this custom attribute captures the original product line item uuid before it is part of an placed order</description>
                <type>string</type>
                <mandatory-flag>false</mandatory-flag>
                <externally-managed-flag>false</externally-managed-flag>
                <min-length>0</min-length>
            </attribute-definition>
            <attribute-definition attribute-id="vlocity_cmt_attributes">
                <display-name xml:lang="x-default">Vlocity product attributes</display-name>
                <type>string</type>
                <mandatory-flag>false</mandatory-flag>
                <externally-managed-flag>false</externally-managed-flag>
                <min-length>0</min-length>
            </attribute-definition>
            <attribute-definition attribute-id="vlocity_cmt_bundleContextKey">
                <display-name xml:lang="x-default">Vlocity bundle context key</display-name>
                <type>string</type>
                <mandatory-flag>false</mandatory-flag>
                <externally-managed-flag>false</externally-managed-flag>
                <min-length>0</min-length>
            </attribute-definition>
            <attribute-definition attribute-id="vlocity_cmt_custAuthenticated">
                <display-name xml:lang="x-default">Customer Authenticated</display-name>
                <type>string</type>
                <mandatory-flag>false</mandatory-flag>
                <externally-managed-flag>false</externally-managed-flag>
                <min-length>0</min-length>
            </attribute-definition>
            <attribute-definition attribute-id="vlocity_cmt_lineItemKey">
                <display-name xml:lang="x-default">Vlocity line item key</display-name>
                <type>string</type>
                <mandatory-flag>false</mandatory-flag>
                <externally-managed-flag>false</externally-managed-flag>
                <min-length>0</min-length>
            </attribute-definition>
            <attribute-definition attribute-id="vlocity_cmt_lineItemStatus">
                <display-name xml:lang="x-default">Sync Status in Vlocity</display-name>
                <type>string</type>
                <mandatory-flag>false</mandatory-flag>
                <externally-managed-flag>false</externally-managed-flag>
                <min-length>0</min-length>
            </attribute-definition>
            <attribute-definition attribute-id="vlocity_cmt_oneTimePrice">
                <display-name xml:lang="x-default">Vlocity one time price</display-name>
                <type>double</type>
                <mandatory-flag>false</mandatory-flag>
                <externally-managed-flag>false</externally-managed-flag>
            </attribute-definition>
            <attribute-definition attribute-id="vlocity_cmt_prodDetailResult">
                <display-name xml:lang="x-default">Product Detail Result</display-name>
                <type>text</type>
                <mandatory-flag>false</mandatory-flag>
                <externally-managed-flag>false</externally-managed-flag>
            </attribute-definition>
            <attribute-definition attribute-id="vlocity_cmt_productCode">
                <display-name xml:lang="x-default">Vlocity product code</display-name>
                <type>string</type>
                <mandatory-flag>false</mandatory-flag>
                <externally-managed-flag>false</externally-managed-flag>
                <min-length>0</min-length>
            </attribute-definition>
            <attribute-definition attribute-id="vlocity_cmt_quantity">
                <display-name xml:lang="x-default">Vlocity product quantity</display-name>
                <type>double</type>
                <mandatory-flag>false</mandatory-flag>
                <externally-managed-flag>false</externally-managed-flag>
            </attribute-definition>
            <attribute-definition attribute-id="vlocity_cmt_recurringPrice">
                <display-name xml:lang="x-default">Vlocity recurring price</display-name>
                <type>double</type>
                <mandatory-flag>false</mandatory-flag>
                <externally-managed-flag>false</externally-managed-flag>
            </attribute-definition>
            <attribute-definition attribute-id="vlocity_cmt_lineNumber">
                <display-name xml:lang="x-default">Vlocity line number</display-name>
                <type>string</type>
                <mandatory-flag>false</mandatory-flag>
                <externally-managed-flag>false</externally-managed-flag>
                <min-length>0</min-length>
            </attribute-definition>
            <attribute-definition attribute-id="vlocity_cmt_unconfiguredProductDetails">
                <display-name xml:lang="x-default">Uncofigured product details</display-name>
                <type>text</type>
                <mandatory-flag>false</mandatory-flag>
                <externally-managed-flag>false</externally-managed-flag>
            </attribute-definition>
            <attribute-definition attribute-id="vlocity_cmt_parentItemUUID">
                <display-name xml:lang="x-default">Parent item UUID</display-name>
                <type>string</type>
                <mandatory-flag>false</mandatory-flag>
                <externally-managed-flag>false</externally-managed-flag>
            </attribute-definition>
            <attribute-definition attribute-id="vlocity_cmt_userQuantity">
                <display-name xml:lang="x-default">Quantity selected by the user (for bundled items)</display-name>
                <type>double</type>
                <mandatory-flag>false</mandatory-flag>
                <externally-managed-flag>false</externally-managed-flag>
            </attribute-definition>
            <attribute-definition attribute-id="vlocity_cmt_productHierarchyPath">
                <display-name xml:lang="x-default">Product hierarchy path</display-name>
                <type>string</type>
                <mandatory-flag>false</mandatory-flag>
                <externally-managed-flag>false</externally-managed-flag>
            </attribute-definition>
        </custom-attribute-definitions>
    </type-extension>

    <type-extension type-id="Profile">
        <custom-attribute-definitions>
            <attribute-definition attribute-id="vlocity_cmt_accountId">
                <display-name xml:lang="x-default">Salesforce AccountId</display-name>
                <description xml:lang="x-default">This will store Salesforce AccountId</description>
                <type>string</type>
                <mandatory-flag>false</mandatory-flag>
                <externally-managed-flag>false</externally-managed-flag>
                <min-length>0</min-length>
            </attribute-definition>
            <attribute-definition attribute-id="vlocity_cmt_syncResponseText">
                <display-name xml:lang="x-default">Sync Response Text</display-name>
                <description xml:lang="x-default">Stores the response from last processed Customer record synchronization attempt.</description>
                <type>string</type>
                <mandatory-flag>false</mandatory-flag>
                <externally-managed-flag>false</externally-managed-flag>
                <min-length>0</min-length>
            </attribute-definition>
            <attribute-definition attribute-id="vlocity_cmt_syncStatus">
                <display-name xml:lang="x-default">Sync Status</display-name>
                <description xml:lang="x-default">Describes the Salesforce Account record synchronization status.</description>
                <type>enum-of-string</type>
                <mandatory-flag>false</mandatory-flag>
                <externally-managed-flag>false</externally-managed-flag>
                <value-definitions>
                    <value-definition>
                        <display xml:lang="x-default">Account Exported</display>
                        <value>exported</value>
                    </value-definition>
                    <value-definition>
                        <display xml:lang="x-default">Account Created</display>
                        <value>created</value>
                    </value-definition>
                    <value-definition>
                        <display xml:lang="x-default">Account Updated</display>
                        <value>updated</value>
                    </value-definition>
                </value-definitions>
            </attribute-definition>
        </custom-attribute-definitions>
        <group-definitions>
            <attribute-group group-id="Vlocity_Sync_Updates">
                <display-name xml:lang="x-default"> Vlocity Sync Updates</display-name>
                <attribute attribute-id="vlocity_cmt_syncStatus"/>
                <attribute attribute-id="vlocity_cmt_accountId"/>
            </attribute-group>
        </group-definitions>
    </type-extension>
    
    <type-extension type-id="ServiceCredential">
        <custom-attribute-definitions>
            <attribute-definition attribute-id="vlocity_cmt_ClientId">
                <display-name xml:lang="x-default">Consumer Key</display-name>
                <description xml:lang="x-default">Represents the Consumer Key associated to the Connected App in Vlocity.</description>
                <type>string</type>
                <mandatory-flag>false</mandatory-flag>
                <externally-managed-flag>false</externally-managed-flag>
                <min-length>0</min-length>
            </attribute-definition>
            <attribute-definition attribute-id="vlocity_cmt_ClientSecret">
                <display-name xml:lang="x-default">Consumer Secret</display-name>
                <description xml:lang="x-default">Represents the Consumer Secret associated to the Connected App in Vlocity.</description>
                <type>password</type>
                <mandatory-flag>false</mandatory-flag>
                <externally-managed-flag>false</externally-managed-flag>
            </attribute-definition>
        </custom-attribute-definitions>
        <group-definitions>
            <attribute-group group-id="VlocityConnectorAttributes">
                <display-name xml:lang="x-default">Vlocity Connector Attributes</display-name>
                <attribute attribute-id="vlocity_cmt_ClientId"/>
                <attribute attribute-id="vlocity_cmt_ClientSecret"/>
            </attribute-group>
        </group-definitions>
    </type-extension>

    <type-extension type-id="SitePreferences">
        <custom-attribute-definitions>
            <attribute-definition attribute-id="vlocity_cmt_defaultStructuredProductRenderingTemplate">
                <display-name xml:lang="x-default">Default Structured Product Template</display-name>
                <description xml:lang="x-default">Default ISML template to be used on PDP for structured products.</description>
                <type>string</type>
                <mandatory-flag>false</mandatory-flag>
                <externally-managed-flag>false</externally-managed-flag>
                <min-length>0</min-length>
                <default-value>product/vlocity/structuredProductDetails</default-value>
            </attribute-definition>
            <attribute-definition attribute-id="vlocity_cmt_NamespaceForDCAPI">
                <display-name xml:lang="x-default">Digital Commerce API namepsace</display-name>
                <description xml:lang="x-default">The namespace to be used for forming Digital Commerce API endpoints.</description>
                <type>string</type>
                <mandatory-flag>false</mandatory-flag>
                <externally-managed-flag>false</externally-managed-flag>
                <min-length>0</min-length>
                <default-value>vlocity_cmt</default-value>
            </attribute-definition>
             <attribute-definition attribute-id="vlocity_cmt_AssetListSize">
                <display-name xml:lang="x-default">Assets History List Size</display-name>
                <description xml:lang="x-default">List size for Assets History Page.</description>
                <type>string</type>
                <mandatory-flag>false</mandatory-flag>
                <externally-managed-flag>false</externally-managed-flag>
                <min-length>0</min-length>
                <default-value>10</default-value>
            </attribute-definition>
            <attribute-definition attribute-id="vlocity_cmt_ContactUsOmniScript">
                <display-name xml:lang="x-default">Omniscript for Contact Us Page</display-name>
                <description xml:lang="x-default">This is used for configuring the Omni script for Contact Us.</description>
                <type>string</type>
                <mandatory-flag>false</mandatory-flag>
                <externally-managed-flag>false</externally-managed-flag>
                <min-length>0</min-length>
                <default-value>VPL_MakeAComplaint_English</default-value>
            </attribute-definition>
        </custom-attribute-definitions>
        <group-definitions>
            <attribute-group group-id="VlocitySettings">
                <display-name xml:lang="x-default">Vlocity Settings</display-name>
                <attribute attribute-id="vlocity_cmt_defaultStructuredProductRenderingTemplate"/>
                <attribute attribute-id="vlocity_cmt_NamespaceForDCAPI"/>
                <attribute attribute-id="vlocity_cmt_ContactUsOmniScript"/>
            </attribute-group>
        </group-definitions>
    </type-extension>

</metadata>
