<?xml version="1.0" encoding="UTF-8"?>
<jobs xmlns="http://www.demandware.com/xml/impex/jobs/2015-07-01">
    <job job-id="ImportVlocityCatalog" priority="1">
        <description>ImportVlocityCatalog</description>
        <parameters>
            <parameter name="FolderName">catalog/VlocityCatalogPublish</parameter>
        </parameters>
        <flow>
            <context site-id="Sites"/>
            <step step-id="ImportCategories" type="ImportCatalog" enforce-restart="false">
                <description>Import Vlocity Categories</description>
                <parameters>
                    <parameter name="WorkingFolder" job-parameter-ref="FolderName"/>
                    <parameter name="FileNamePattern">^Catalog.*xml$</parameter>
                    <parameter name="NoFilesFoundHandling">NO_FILES_FOUND</parameter>
                    <parameter name="ImportMode">Merge</parameter>
                    <parameter name="ImportFailedHandling">WARN</parameter>
                    <parameter name="AfterImportFileHandling">Archive</parameter>
                    <parameter name="ArchiveFolder">archive</parameter>
                </parameters>
            </step>
            <step step-id="ImportProducts" type="ImportCatalog" enforce-restart="false">
                <description>Import Products</description>
                <parameters>
                    <parameter name="WorkingFolder" job-parameter-ref="FolderName"/>
                    <parameter name="FileNamePattern">^Product(Child|Master).*xml$</parameter>
                    <parameter name="NoFilesFoundHandling">NO_FILES_FOUND</parameter>
                    <parameter name="ImportMode">Merge</parameter>
                    <parameter name="ImportFailedHandling">WARN</parameter>
                    <parameter name="AfterImportFileHandling">Archive</parameter>
                    <parameter name="ArchiveFolder">archive</parameter>
                </parameters>
            </step>
            <step step-id="ImportProductCustomAttributes" type="ImportCatalog" enforce-restart="false">
                <description>Import CustomAttributes of Product</description>
                <parameters>
                    <parameter name="WorkingFolder" job-parameter-ref="FolderName"/>
                    <parameter name="FileNamePattern">^Product.*xml$</parameter>
                    <parameter name="NoFilesFoundHandling">NO_FILES_FOUND</parameter>
                    <parameter name="ImportMode">Merge</parameter>
                    <parameter name="ImportFailedHandling">WARN</parameter>
                    <parameter name="AfterImportFileHandling">Archive</parameter>
                    <parameter name="ArchiveFolder">archive</parameter>
                </parameters>
            </step>
            <step step-id="ImportCatalogProductAssign" type="ImportCatalog" enforce-restart="false">
                <description>Import Catalog Product Assignment</description>
                <parameters>
                    <parameter name="WorkingFolder" job-parameter-ref="FolderName"/>
                    <parameter name="FileNamePattern">^CategoriesAndProductAssn.*xml$</parameter>
                    <parameter name="NoFilesFoundHandling">NO_FILES_FOUND</parameter>
                    <parameter name="ImportMode">Merge</parameter>
                    <parameter name="ImportFailedHandling">WARN</parameter>
                    <parameter name="AfterImportFileHandling">Archive</parameter>
                    <parameter name="ArchiveFolder">archive</parameter>
                </parameters>
            </step>
            <step step-id="ImportPricing" type="ImportPriceBook" enforce-restart="false">
                <description>ImportPricing</description>
                <parameters>
                    <parameter name="WorkingFolder" job-parameter-ref="FolderName"/>
                    <parameter name="FileNamePattern">^Pricing.*xml$</parameter>
                    <parameter name="NoFilesFoundHandling">NO_FILES_FOUND</parameter>
                    <parameter name="ImportMode">Merge</parameter>
                    <parameter name="ImportFailedHandling">WARN</parameter>
                    <parameter name="AfterImportFileHandling">Archive</parameter>
                    <parameter name="ArchiveFolder">archive</parameter>
                </parameters>
            </step>
            <step step-id="DeleteProducts" type="ImportCatalog" enforce-restart="false">
                <description/>
                <parameters>
                    <parameter name="WorkingFolder" job-parameter-ref="FolderName"/>
                    <parameter name="FileNamePattern">^DeleteProduct.*xml$</parameter>
                    <parameter name="NoFilesFoundHandling">NO_FILES_FOUND</parameter>
                    <parameter name="ImportMode">Delete</parameter>
                    <parameter name="ImportFailedHandling">WARN</parameter>
                    <parameter name="AfterImportFileHandling">Archive</parameter>
                    <parameter name="ArchiveFolder">archive</parameter>
                </parameters>
            </step>
            <step step-id="ImportMasterCatalogData" type="ImportCatalog" enforce-restart="false">
                <description>ImportMasterCatalogData</description>
                <parameters>
                    <parameter name="WorkingFolder" job-parameter-ref="FolderName"/>
                    <parameter name="FileNamePattern">^MasterCatalog.*xml$</parameter>
                    <parameter name="NoFilesFoundHandling">NO_FILES_FOUND</parameter>
                    <parameter name="ImportMode">Merge</parameter>
                    <parameter name="ImportFailedHandling">WARN</parameter>
                    <parameter name="AfterImportFileHandling">Archive</parameter>
                    <parameter name="ArchiveFolder">archive</parameter>
                </parameters>
            </step>
        </flow>
        <rules/>
        <triggers>
            <run-recurring enabled="false">
                <recurrence>
                    <date-from>2020-07-10Z</date-from>
                    <start-time>17:00:15.000Z</start-time>
                    <interval>12M</interval>
                    <day-of-week>
                        <weekday>Saturday</weekday>
                        <weekday>Friday</weekday>
                        <weekday>Monday</weekday>
                        <weekday>Thursday</weekday>
                        <weekday>Tuesday</weekday>
                        <weekday>Wednesday</weekday>
                    </day-of-week>
                </recurrence>
            </run-recurring>
        </triggers>
    </job>

</jobs>
