<?xml version="1.0" encoding="UTF-8"?>
<services xmlns="http://www.demandware.com/xml/impex/services/2014-09-26">
    <service-credential service-credential-id="vlocity.auth.credentials">
        <url>https://login.salesforce.com/services/oauth2/token</url>
    </service-credential>

    <service-profile service-profile-id="vlocity.profile">
        <timeout-millis>10000</timeout-millis>
        <rate-limit-enabled>false</rate-limit-enabled>
        <rate-limit-calls>0</rate-limit-calls>
        <rate-limit-millis>0</rate-limit-millis>
        <cb-enabled>true</cb-enabled>
        <cb-calls>2</cb-calls>
        <cb-millis>10</cb-millis>
    </service-profile>

    <service service-id="vlocity.auth">
        <service-type>HTTP</service-type>
        <enabled>true</enabled>
        <log-prefix>vlocity-auth</log-prefix>
        <comm-log-enabled>false</comm-log-enabled>
        <force-prd-enabled>true</force-prd-enabled>
        <mock-mode-enabled>false</mock-mode-enabled>
        <profile-id>vlocity.profile</profile-id>
        <credential-id>vlocity.auth.credentials</credential-id>
    </service>

    <service service-id="vlocity.rest">
        <service-type>HTTP</service-type>
        <enabled>true</enabled>
        <log-prefix>vlocity-rest</log-prefix>
        <comm-log-enabled>false</comm-log-enabled>
        <force-prd-enabled>true</force-prd-enabled>
        <mock-mode-enabled>false</mock-mode-enabled>
        <profile-id>vlocity.profile</profile-id>
        <credential-id/>
    </service>
</services>
