{
    "name": "Image with Text and Button Overlay",
    "description": "Component to show Image with Text and Button Overlay",
    "group": "qb_custom_assets",
    "attribute_definition_groups": [
      {
        "id": "text__details",
        "name": "Text Details",
        "attribute_definitions": [
            {
                "id": "show_text",
                "name": "Show Text",
                "type": "boolean",
                "required": false
            },
            {
                "id": "text_header",
                "name": "Text Header",
                "type": "text",
                "required": false
            },
            {
                "id": "text_header_type",
                "name": "Text Header Type- h1, h2, h3",
                "description": "Defaults to h1",
                "type": "string",
                "required": false
            },
            {
                "id": "text_body",
                "name": "Text Body",
                "type": "markup",
                "required": false
            },
            {
                "id": "text_colour",
                "name": "Text Colour",
                "description": "Defaults to body default colour",
                "type": "string",
                "required": false
            },
            {
                "id": "text_font_weight",
                "name": "Body Text Font Weight",
                "type": "string",
                "required": false
            },
            {
                "id": "text_size",
                "name": "Body Text Size",
                "type": "string",
                "required": false
            },
            {
                "id": "text_top_pad",
                "name": "Text Top Padding",
                "type": "string",
                "required": false
            },
            {
                "id": "text_align",
                "name": "Text Alignment",
                "description": "Defaults to center",
                "type": "enum",
                "values": [
                    "Left",
                    "Center",
                    "Right"
                ],
                "default_value": "Center",
                "required": false
            },
            {
                "id": "text_max_width",
                "name": "Text Box Area Max Width",
                "type": "string",
                "required": false
            },
            {
                "id": "text_float",
                "name": "Text Box Area Float Direction",
                "type": "string",
                "required": false
            },
            {
                "id": "text_bg",
                "name": "Text Box Area Background (eg. Colour or Image)",
                "type": "string",
                "required": false
            },
            {
                "id": "text_margin",
                "name": "Text Box Area Margin",
                "type": "string",
                "required": false
            }
        ]
      },
      {
        "id": "button__details",
        "name": "Button Details",
        "attribute_definitions": [
            {
                "id": "show_button",
                "name": "Show Button",
                "type": "boolean",
                "required": false
            },
            {
                "id": "button_url",
                "name": "Button Link",
                "type": "url",
                "required": false
            },
            {
                "id": "button_text",
                "name": "Button Text",
                "type": "text",
                "required": false
            },
            {
                "id": "button_text_colour",
                "name": "Button Text Colour",
                "type": "string",
                "required": false
            },
            {
                "id": "button_colour",
                "name": "Button Colour",
                "type": "string",
                "required": false
            },
            {
                "id": "button_text_size",
                "name": "Button Text Size",
                "type": "string",
                "required": false
            },
            {
                "id": "button_padding",
                "name": "Button Padding",
                "type": "string",
                "required": false
            },
            {
                "id": "button_align",
                "name": "Button Alignment",
                "description": "Defaults to center",
                "type": "enum",
                "values": [
                    "Left",
                    "Center",
                    "Right"
                ],
                "default_value": "Center",
                "required": false
            },
            {
                "id": "border_radius",
                "name": "Button Border Radius",
                "type": "string",
                "description": "Rounding of edges for button- 0 for square button",
                "required": false
            },
            {
                "id": "button_margin_left",
                "name": "Button Left Margin",
                "type": "string",
                "required": false
            },
            {
                "id": "button_margin_top",
                "name": "Button Top Margin",
                "type": "string",
                "required": false
            }
        ]
      },
      {
        "id": "image__details",
        "name": "Background Details",
        "attribute_definitions": [
            {
                "id": "bg_height",
                "name": "Background Height",
                "type": "string",
                "required": false
            },
            {
                "id": "bg_type",
                "name": "Background Type",
                "type": "enum",
                "values": [
                    "Image",
                    "Video"
                ],
                "default_value": "Image",
                "required": true
            },
            {
                "id": "image",
                "name": "Image",
                "type": "image",
                "required": false
            },
            {
                "id": "image_width",
                "name": "Image Width",
                "type": "string",
                "required": false
            },
            {
                "id": "img_border_radius",
                "name": "Image Border Radius",
                "type": "string",
                "required": false
            },
            {
                "id": "video_url",
                "name": "Video URL",
                "type": "string",
                "required": false
            }
        ]
      }
    ],
    "region_definitions": []
}