{
    "name": "Recipe Title",
    "description": "Component for the title card of a recipe",
    "group": "qb_custom_assets",
    "attribute_definition_groups": [
        {
            "id": "image__details",
            "name": "Image Details",
            "attribute_definitions": [
                {
                    "id": "image",
                    "name": "Image",
                    "type": "image",
                    "required": true
                }
            ] 
        },
        {
            "id": "text__details",
            "name": "Text Details",
            "attribute_definitions": [
                {
                    "id": "recipe_title",
                    "name": "Recipe Title",
                    "type": "markup",
                    "required": true
                },
                {
                    "id": "recipe_descr",
                    "name": "Recipe Description",
                    "type": "markup",
                    "required": true
                },
                {
                    "id": "recipe_feeds",
                    "name": "Number Recipe Feeds",
                    "type": "string",
                    "required": true
                },
                {
                    "id": "recipe_time",
                    "name": "Cooking Time",
                    "type": "string",
                    "required": true
                },
                {
                    "id": "text_font",
                    "name": "Text Font",
                    "type": "string",
                    "required": false
                },
                {
                    "id": "text_align",
                    "name": "Text Alignment",
                    "description": "Defaults to left",
                    "type": "enum",
                    "values": [
                        "Left",
                        "Center",
                        "Right"
                    ],
                    "default_value": "Left",
                    "required": false
                }
            ]
        }
    ],
    "region_definitions": []
}