<?xml version="1.0" encoding="UTF-8"?>
<metadata xmlns="http://www.demandware.com/xml/impex/metadata/2006-10-31">
    <custom-type type-id="VlocityAuthToken">
        <display-name xml:lang="x-default">Vlocity service Auth Token</display-name>
        <description xml:lang="x-default">Stores the last / latest authorization token generated by Vlocity.</description>
        <staging-mode>no-staging</staging-mode>
        <storage-scope>organization</storage-scope>
        <key-definition attribute-id="siteID">
            <type>string</type>
            <min-length>0</min-length>
        </key-definition>
        <attribute-definitions>
            <attribute-definition attribute-id="token">
                <display-name xml:lang="x-default">Token</display-name>
                <type>text</type>
                <localizable-flag>false</localizable-flag>
                <mandatory-flag>false</mandatory-flag>
                <externally-managed-flag>false</externally-managed-flag>
            </attribute-definition>
        </attribute-definitions>
        <group-definitions>
            <attribute-group group-id="VlocityAuthToken">
                <display-name xml:lang="x-default">OAuth Token</display-name>
                <attribute attribute-id="lastModified" system="true"/>
                <attribute attribute-id="token"/>
                <attribute attribute-id="creationDate" system="true"/>
                <attribute attribute-id="siteID"/>
            </attribute-group>
        </group-definitions>
    </custom-type>

    <custom-type type-id="VlocitySystemLog">
        <display-name xml:lang="x-default">Vlocity System Logs</display-name>
        <description xml:lang="x-default">This Object captures the Vlocity related actions.</description>
        <staging-mode>no-staging</staging-mode>
        <storage-scope>organization</storage-scope>
        <key-definition attribute-id="LogKey">
            <type>string</type>
            <min-length>0</min-length>
        </key-definition>
        <attribute-definitions>
            <attribute-definition attribute-id="IsProcessed">
                <display-name xml:lang="x-default">IsProcessed</display-name>
                <type>boolean</type>
                <mandatory-flag>false</mandatory-flag>
                <externally-managed-flag>false</externally-managed-flag>
            </attribute-definition>
            <attribute-definition attribute-id="PublishedOn">
                <display-name xml:lang="x-default">PublishedOn</display-name>
                <type>datetime</type>
                <localizable-flag>false</localizable-flag>
                <mandatory-flag>false</mandatory-flag>
                <externally-managed-flag>false</externally-managed-flag>
            </attribute-definition>
            <attribute-definition attribute-id="SourceOrg">
                <display-name xml:lang="x-default">SourceOrg</display-name>
                <type>string</type>
                <localizable-flag>false</localizable-flag>
                <mandatory-flag>false</mandatory-flag>
                <externally-managed-flag>false</externally-managed-flag>
                <min-length>0</min-length>
            </attribute-definition>
            <attribute-definition attribute-id="Status">
                <display-name xml:lang="x-default">Status</display-name>
                <type>string</type>
                <localizable-flag>false</localizable-flag>
                <mandatory-flag>false</mandatory-flag>
                <externally-managed-flag>false</externally-managed-flag>
                <min-length>0</min-length>
            </attribute-definition>
            <attribute-definition attribute-id="Type">
                <display-name xml:lang="x-default">Type</display-name>
                <type>enum-of-string</type>
                <localizable-flag>false</localizable-flag>
                <mandatory-flag>false</mandatory-flag>
                <externally-managed-flag>false</externally-managed-flag>
                <value-definitions>
                    <value-definition default="true">
                        <display xml:lang="x-default">CatalogMetadataPublish</display>
                        <value>CatalogMetadataPublish</value>
                    </value-definition>
                    <value-definition>
                        <display xml:lang="x-default">CacheRegenerated</display>
                        <value>CacheRegenerated</value>
                    </value-definition>
                    <value-definition>
                        <display xml:lang="x-default">CatalogDataPublish-All</display>
                        <value>CatalogDataPublish-All</value>
                    </value-definition>
                    <value-definition>
                        <display xml:lang="x-default">CatalogDataPublish-Delta</display>
                        <value>CatalogDataPublish-Delta</value>
                    </value-definition>
                </value-definitions>
            </attribute-definition>
        </attribute-definitions>
        <group-definitions>
            <attribute-group group-id="LogData">
                <display-name xml:lang="x-default">LogData</display-name>
                <attribute attribute-id="Type"/>
                <attribute attribute-id="PublishedOn"/>
                <attribute attribute-id="IsProcessed"/>
                <attribute attribute-id="Status"/>
                <attribute attribute-id="SourceOrg"/>
                <attribute attribute-id="creationDate" system="true"/>
                <attribute attribute-id="lastModified" system="true"/>
                <attribute attribute-id="LogKey"/>
            </attribute-group>
        </group-definitions>
    </custom-type>

</metadata>
