<?xml version="1.0" encoding="UTF-8"?>
<metadata xmlns="http://www.demandware.com/xml/impex/metadata/2006-10-31">
    <type-extension type-id="Order">
        <custom-attribute-definitions>
            <attribute-definition attribute-id="sfiVlcIpData">
                <display-name xml:lang="x-default">Salesforce Industries bind policies retry job ID</display-name>
                <description xml:lang="x-default">SFI Insurance Create Policies Apex job ID for retry job.</description>
                <type>string</type>
                <localizable-flag>false</localizable-flag>
                <site-specific-flag>false</site-specific-flag>
                <mandatory-flag>false</mandatory-flag>
                <externally-managed-flag>false</externally-managed-flag>
                <min-length>0</min-length>
            </attribute-definition>
        </custom-attribute-definitions>
        <group-definitions>
            <attribute-group group-id="sfiAttributes">
                <display-name xml:lang="x-default">Salesforce Industries Integration Attributes</display-name>
                <attribute attribute-id="sfiVlcIpData"/>
            </attribute-group>
        </group-definitions>
    </type-extension>

    <type-extension type-id="Product">
        <custom-attribute-definitions>
            <attribute-definition attribute-id="sfiInsQuoteId">
                <display-name xml:lang="x-default">SFI Insurance Quote ID</display-name>
                <description xml:lang="x-default">Salesforce Industries Insurance Quote ID</description>
                <type>string</type>
                <localizable-flag>false</localizable-flag>
                <site-specific-flag>false</site-specific-flag>
                <mandatory-flag>false</mandatory-flag>
                <visible-flag>false</visible-flag>
                <externally-managed-flag>false</externally-managed-flag>
                <order-required-flag>false</order-required-flag>
                <externally-defined-flag>false</externally-defined-flag>
                <min-length>0</min-length>
            </attribute-definition>
            <attribute-definition attribute-id="sfiOmniScriptId">
                <display-name xml:lang="x-default">Salesforce Industries OmniScript to customize this product</display-name>
                <type>string</type>
                <localizable-flag>false</localizable-flag>
                <site-specific-flag>true</site-specific-flag>
                <mandatory-flag>false</mandatory-flag>
                <visible-flag>false</visible-flag>
                <externally-managed-flag>false</externally-managed-flag>
                <order-required-flag>false</order-required-flag>
                <externally-defined-flag>false</externally-defined-flag>
                <min-length>0</min-length>
            </attribute-definition>
        </custom-attribute-definitions>
        <group-definitions>
            <attribute-group group-id="sfiAttributes">
                <display-name xml:lang="x-default">Salesforce Industries Integration Attributes</display-name>
                <attribute attribute-id="sfiOmniScriptId"/>
            </attribute-group>
        </group-definitions>
    </type-extension>

    <type-extension type-id="ProductLineItem">
        <custom-attribute-definitions>
            <attribute-definition attribute-id="sfiInsQuoteId">
                <display-name xml:lang="x-default">Quote record ID</display-name>
                <description xml:lang="x-default">Record ID (e.g. 0Q04x000000l39fCAA), not quote number (e.g 00000559)</description>
                <type>string</type>
                <mandatory-flag>false</mandatory-flag>
                <externally-managed-flag>false</externally-managed-flag>
                <min-length>0</min-length>
            </attribute-definition>
            <attribute-definition attribute-id="sfiInsQuoteNumber">
                <display-name xml:lang="x-default">Quote number</display-name>
                <description xml:lang="x-default">Quote number (e.g 00000559), not record ID (e.g. 0Q04x000000l39fCAA)</description>
                <type>string</type>
                <mandatory-flag>false</mandatory-flag>
                <externally-managed-flag>false</externally-managed-flag>
                <min-length>0</min-length>
            </attribute-definition>
        </custom-attribute-definitions>
        <group-definitions>
            <attribute-group group-id="sfiAttributes">
                <display-name xml:lang="x-default">Salesforce Industries Integration Attributes</display-name>
                <attribute attribute-id="sfiInsQuoteNumber"/>
                <attribute attribute-id="sfiInsQuoteId"/>
            </attribute-group>
        </group-definitions>
    </type-extension>

    <type-extension type-id="ServiceCredential">
        <custom-attribute-definitions>
            <attribute-definition attribute-id="vlocity_cmt_ClientId">
                <display-name xml:lang="x-default">Consumer Key</display-name>
                <description xml:lang="x-default">Represents the Consumer Key associated to the Connected App in Vlocity.</description>
                <type>string</type>
                <mandatory-flag>false</mandatory-flag>
                <externally-managed-flag>false</externally-managed-flag>
                <min-length>0</min-length>
            </attribute-definition>
            <attribute-definition attribute-id="vlocity_cmt_ClientSecret">
                <display-name xml:lang="x-default">Consumer Secret</display-name>
                <description xml:lang="x-default">Represents the Consumer Secret associated to the Connected App in Vlocity.</description>
                <type>password</type>
                <mandatory-flag>false</mandatory-flag>
                <externally-managed-flag>false</externally-managed-flag>
            </attribute-definition>
        </custom-attribute-definitions>
        <group-definitions>
            <attribute-group group-id="VlocityConnectorAttributes">
                <display-name xml:lang="x-default">Vlocity Connector Attributes</display-name>
                <attribute attribute-id="vlocity_cmt_ClientId"/>
                <attribute attribute-id="vlocity_cmt_ClientSecret"/>
            </attribute-group>
        </group-definitions>
    </type-extension>

</metadata>
