<?xml version="1.0" encoding="UTF-8"?>
<site xmlns="http://www.demandware.com/xml/impex/site/2007-04-30" site-id="Telco">
    <name>Telco</name>
    <currency>USD</currency>
    <taxation>net</taxation>
    <custom-cartridges>plugin_pd_qb_lib:telco:plugin_vlocity_cmt:app_storefront_base:int_vlocity_cmt:test_vlocity_cmt</custom-cartridges>
    <storefront-status>online</storefront-status>
    <home-page-meta-tag-rules>
        <page-meta-tag-rule rule-id="Homepage Title"/>
        <page-meta-tag-rule rule-id="Homepage Robots"/>
        <page-meta-tag-rule rule-id="Homepage Open Graph URL"/>
    </home-page-meta-tag-rules>
</site>
