<?xml version="1.0" encoding="UTF-8"?>
<slot-configurations xmlns="http://www.demandware.com/xml/impex/slot/2008-09-08">
    <slot-configuration slot-id="404-banner-m" context="global" configuration-id="404 banner" assigned-to-site="true">
        <template>slots/content/giftcertificates.isml</template>
        <enabled-flag>true</enabled-flag>
        <content>
            <content-assets>
                <content-asset content-id="404-banner"/>
            </content-assets>
        </content>
    </slot-configuration>

    <slot-configuration slot-id="account-banner-m" context="global" configuration-id="Account Banner" assigned-to-site="false">
        <template>slots/content/htmlSlotContainer.isml</template>
        <enabled-flag>false</enabled-flag>
        <content>
            <html/>
        </content>
    </slot-configuration>

    <slot-configuration slot-id="cart-footer-m" context="global" configuration-id="CartFooterFeatured" assigned-to-site="true">
        <description>Featured Products that display in the footer of the cart page, below the cart-actions buttons.</description>
        <template>slots/product/product_listing.isml</template>
        <enabled-flag>true</enabled-flag>
        <callout-msg xml:lang="x-default">Featured Products</callout-msg>
        <content>
            <products/>
        </content>
    </slot-configuration>

    <slot-configuration slot-id="error-banner-m" context="global" configuration-id="Error Banner" assigned-to-site="false">
        <template>slots/content/htmlSlotContainer.isml</template>
        <enabled-flag>false</enabled-flag>
        <content>
            <html/>
        </content>
    </slot-configuration>

    <slot-configuration slot-id="cart-banner-m" context="global" configuration-id="Global cart slot" assigned-to-site="true">
        <description>Global cart slot</description>
        <template>slots/product/horizontalcarousel.isml</template>
        <enabled-flag>false</enabled-flag>
        <callout-msg xml:lang="x-default">Take a look at one of these!</callout-msg>
        <content>
            <products/>
        </content>
    </slot-configuration>

    <slot-configuration slot-id="search-promo-m" context="global" configuration-id="New Slot Configuration - 2011-11-14 09:51:41" assigned-to-site="true">
        <template>slots/content/homepage/home-bottom-slot.isml</template>
        <enabled-flag>true</enabled-flag>
        <content>
            <html/>
        </content>
    </slot-configuration>

    <slot-configuration slot-id="folder-main-slot-m" context="folder" context-id="about-us" configuration-id="New Slot Configuration - 2014-12-31 11:14:21" default="true" assigned-to-site="false">
        <description>default slot for about us page</description>
        <template>slots/content/htmlSlotContainer.isml</template>
        <enabled-flag>true</enabled-flag>
        <content>
            <html>
                <body xml:lang="x-default">&lt;div class="folder-slot"&gt;
    &lt;h2&gt;
        About Commerce Cloud
    &lt;/h2&gt;
    &lt;p&gt;
It all started with a series of observations: eCommerce merchandising and marketing innovation is what generates the revenue, yet most operations are spending 80% of their budgets simply maintaining current infrastructure. The pace of ecommerce accelerates daily, yet most operations are scrambling to stand still. Merchandisers and marketers are supremely frustrated, spending more time chasing outsourced providers and internal IT organizations, than actually merchandising and marketing their own businesses. There had to be a better way.
    &lt;/p&gt;
&lt;/div&gt;</body>
            </html>
        </content>
    </slot-configuration>

    <slot-configuration slot-id="folder-main-slot-m" context="folder" context-id="customer-service" configuration-id="New Slot Configuration - 2014-12-31 11:43:32" default="true" assigned-to-site="false">
        <template>slots/content/htmlSlotContainer.isml</template>
        <enabled-flag>true</enabled-flag>
        <content>
            <html>
                <body xml:lang="x-default">&lt;div class="folder-slot"&gt;
&lt;h2&gt;
Customer Service
&lt;/h2&gt;
&lt;p&gt;
Here you will find answers to your questions about shopping at our online store, your order, payment options and more. Simply select from the categories below for you complete information.
&lt;/p&gt;
&lt;/div&gt;</body>
            </html>
        </content>
    </slot-configuration>

    <slot-configuration slot-id="account-banner" context="global" configuration-id="New Slot Configuration - 2019-08-29 09:39:18" assigned-to-site="false">
        <template>slots/product/product_1x2.isml</template>
        <enabled-flag>false</enabled-flag>
        <content>
            <products/>
        </content>
    </slot-configuration>

    <slot-configuration slot-id="cart-recommendations-m" context="global" configuration-id="New Slot Configuration - 2019-10-10 23:23:46" assigned-to-site="false">
        <template>slots/product/product_1x2.isml</template>
        <enabled-flag>false</enabled-flag>
        <content>
            <products/>
        </content>
    </slot-configuration>

    <slot-configuration slot-id="footer-column-m" context="global" configuration-id="New Slot Configuration - 2019-10-23 19:57:02" assigned-to-site="false">
        <template>slots/product/product_1x2.isml</template>
        <enabled-flag>false</enabled-flag>
        <content>
            <products/>
        </content>
    </slot-configuration>

    <slot-configuration slot-id="noresult-banner-m" context="global" configuration-id="Noresult Banner" assigned-to-site="false">
        <template>slots/content/htmlSlotContainer.isml</template>
        <enabled-flag>false</enabled-flag>
        <content>
            <html/>
        </content>
    </slot-configuration>

    <slot-configuration slot-id="placeorder-slot-m" context="global" configuration-id="Placeorder Slot" assigned-to-site="false">
        <template>slots/content/htmlSlotContainer.isml</template>
        <enabled-flag>false</enabled-flag>
        <content>
            <html/>
        </content>
    </slot-configuration>

    <slot-configuration slot-id="404-promo-m" context="global" configuration-id="Promo Zune" default="true" assigned-to-site="true">
        <description>Free Microsoft Zune with Purchase of $500 or More in Electronics</description>
        <template>slots/content/htmlSlotContainer.isml</template>
        <enabled-flag>true</enabled-flag>
        <content>
            <html>
                <body xml:lang="x-default">&lt;p style="margin:10px 0 0 0"&gt;&lt;img height="139" width="350" alt="Free Microsoft Zune with Purchase of $500 or More in Electronics" src="images/slot/404-promo-zune.jpg?$staticlink$" /&gt;&lt;/p&gt;</body>
            </html>
        </content>
    </slot-configuration>

    <slot-configuration slot-id="registry-header-m" context="global" configuration-id="Registry Header" assigned-to-site="false">
        <template>slots/content/htmlSlotContainer.isml</template>
        <enabled-flag>false</enabled-flag>
        <content>
            <html/>
        </content>
    </slot-configuration>

    <slot-configuration slot-id="wishlist-banner-m" context="global" configuration-id="Wishlist Banner" assigned-to-site="false">
        <template>slots/content/htmlSlotContainer.isml</template>
        <enabled-flag>false</enabled-flag>
        <content>
            <html/>
        </content>
    </slot-configuration>

    <slot-configuration slot-id="cat-landing-slotbottom2-m" context="category" context-id="womens" configuration-id="WomensSubCatProducts" default="true" assigned-to-site="false">
        <description>Products from sub categories of Womens</description>
        <template>slots/product/cat_product_listing.isml</template>
        <enabled-flag>true</enabled-flag>
        <content>
            <products/>
        </content>
    </slot-configuration>

    <slot-configuration slot-id="error-promo-m" context="global" configuration-id="Zune Promo Image" assigned-to-site="true">
        <template>slots/content/htmlSlotContainer.isml</template>
        <enabled-flag>true</enabled-flag>
        <content>
            <html>
                <body xml:lang="x-default">&lt;p style="margin:10px 0 0 0"&gt;&lt;img height="139" width="350" alt="Free Microsoft Zune With Purchase Of $500 Or More In Electronics" src="images/slot/404-promo-zune.jpg?$staticlink$" /&gt;&lt;/p&gt;</body>
            </html>
        </content>
    </slot-configuration>

    <slot-configuration slot-id="cart-empty-m" context="global" configuration-id="cartempty-lastvisited" assigned-to-site="true">
        <description>Slot for products which displays below the empty cart message.</description>
        <template>slots/product/product_listing.isml</template>
        <enabled-flag>true</enabled-flag>
        <callout-msg xml:lang="x-default">Product Recommendations</callout-msg>
        <content>
            <products/>
        </content>
    </slot-configuration>

    <slot-configuration slot-id="cat-banner-m" context="category" context-id="electronic-games" configuration-id="electronic-games" default="true" assigned-to-site="true">
        <description>Default banner for this category</description>
        <template>slots/category/cat-banner.isml</template>
        <enabled-flag>true</enabled-flag>
        <content>
            <categories>
                <category category-id="electronic-games"/>
            </categories>
        </content>
    </slot-configuration>

    <slot-configuration slot-id="cat-banner-m" context="category" context-id="electronics-televisions-flat-screen" configuration-id="electronics-FlatTV" default="true" assigned-to-site="true">
        <description>Default banner for this category</description>
        <template>slots/category/cat-banner.isml</template>
        <enabled-flag>true</enabled-flag>
        <content>
            <categories/>
        </content>
    </slot-configuration>

    <slot-configuration slot-id="cat-banner-m" context="category" context-id="electronics-digital-cameras" configuration-id="electronics-cameras" default="true" assigned-to-site="true">
        <description>Default banner for this category</description>
        <template>slots/category/cat-banner.isml</template>
        <enabled-flag>true</enabled-flag>
        <content>
            <categories/>
        </content>
    </slot-configuration>

    <slot-configuration slot-id="cat-banner-m" context="category" context-id="electronics-game-consoles" configuration-id="electronics-gameconsoles" default="true" assigned-to-site="true">
        <description>Default banner for this category</description>
        <template>slots/category/cat-banner.isml</template>
        <enabled-flag>true</enabled-flag>
        <content>
            <categories/>
        </content>
    </slot-configuration>

    <slot-configuration slot-id="cat-banner-m" context="category" context-id="electronics-gaming" configuration-id="electronics-gaming" default="true" assigned-to-site="true">
        <description>Default banner for this category</description>
        <template>slots/category/cat-banner.isml</template>
        <enabled-flag>true</enabled-flag>
        <content>
            <categories/>
        </content>
    </slot-configuration>

    <slot-configuration slot-id="cat-banner-m" context="category" context-id="electronics-gps-units" configuration-id="electronics-gps" default="true" assigned-to-site="true">
        <description>Default banner for this category</description>
        <template>slots/category/cat-banner.isml</template>
        <enabled-flag>true</enabled-flag>
        <content>
            <categories/>
        </content>
    </slot-configuration>

    <slot-configuration slot-id="cat-banner-m" context="category" context-id="electronics-digital-media-players" configuration-id="electronics-mp3" default="true" assigned-to-site="true">
        <description>Default banner for this category</description>
        <template>slots/category/cat-banner.isml</template>
        <enabled-flag>true</enabled-flag>
        <content>
            <categories/>
        </content>
    </slot-configuration>

    <slot-configuration slot-id="cat-landing-slotbottom-m" context="category" context-id="electronics" configuration-id="electronics-products" default="true" assigned-to-site="true">
        <description>Products from electronics categories.</description>
        <template>slots/product/cat_product_listing.isml</template>
        <enabled-flag>true</enabled-flag>
        <callout-msg xml:lang="x-default">Latest Products</callout-msg>
        <content>
            <products/>
        </content>
    </slot-configuration>

    <slot-configuration slot-id="cat-banner-m" context="category" context-id="electronics-televisions-projection" configuration-id="electronics-projectionTV" default="true" assigned-to-site="true">
        <description>Default banner for this category</description>
        <template>slots/category/cat-banner.isml</template>
        <enabled-flag>true</enabled-flag>
        <content>
            <categories/>
        </content>
    </slot-configuration>

    <slot-configuration slot-id="cat-landing-slotbanner-m" context="category" context-id="electronics" configuration-id="electronics-subcategories" default="true" assigned-to-site="true">
        <description>Subcategory tiles for electronics.</description>
        <template>slots/category/categoryTile.isml</template>
        <enabled-flag>true</enabled-flag>
        <content>
            <categories/>
        </content>
    </slot-configuration>

    <slot-configuration slot-id="cat-banner-m" context="category" context-id="electronics-televisions" configuration-id="electronics-tv" default="true" assigned-to-site="true">
        <description>Default banner for this category</description>
        <template>slots/category/cat-banner.isml</template>
        <enabled-flag>true</enabled-flag>
        <content>
            <categories/>
        </content>
    </slot-configuration>

    <slot-configuration slot-id="footer-column-m" context="global" configuration-id="footer-social-email" assigned-to-site="true">
        <description>Footer slot containing the social icons and email form.</description>
        <template>slots/content/contentAssetBody.isml</template>
        <enabled-flag>true</enabled-flag>
        <content>
            <content-assets>
                <content-asset content-id="footer-social-email"/>
            </content-assets>
        </content>
    </slot-configuration>

    <slot-configuration slot-id="header-banner-m" context="global" configuration-id="free-next-day" default="true" assigned-to-site="true">
        <description>HTML slot for Free Next Day Shipping</description>
        <template>slots/content/htmlSlotContainer.isml</template>
        <enabled-flag>true</enabled-flag>
        <content>
            <html>
                <body xml:lang="x-default">&lt;div class="header-promotion"&gt;&lt;strong&gt;FREE &lt;/strong&gt; Next Day Delivery on all orders.&lt;/div&gt;


&lt;style&gt;
&lt;!---
:root{
    --action-colour: #ffcc33;
    --action-offset-colour: #ffcc33;
    --link-colour: #ffcc33;
    --text-colour: #ffcc33;
    --bg-colour: #ffcc33;
    --font-fam: Avenir;
    --secondary-colour: #ffcc33;
    --header-bg-colour: #ffcc33;
    --header-text-colour: #ffcc33;
    --menu-bg-colour: #ffcc33;
    --menu-text-colour: #ffcc33;
    --footer-bg-colour: #ffcc33;
    --footer-text-colour: #ffcc33;
}
---&gt;
&lt;/style&gt;</body>
            </html>
        </content>
        <customer-groups>
            <customer-group group-id="Registered"/>
        </customer-groups>
    </slot-configuration>

    <slot-configuration slot-id="home-bottom-center-m" context="global" configuration-id="free-shipping-orders-over-150" assigned-to-site="true">
        <description>This is the free shipping promotion slot at the bottom of the home page.</description>
        <template>slots/content/homepage/home-bottom-center.isml</template>
        <enabled-flag>true</enabled-flag>
        <content>
            <content-assets>
                <content-asset content-id="home-free-shipping-orders-over-150"/>
            </content-assets>
        </content>
    </slot-configuration>

    <slot-configuration slot-id="home-bottom-left-m" context="global" configuration-id="home-bottom-womens-shoes" default="true" assigned-to-site="false">
        <description>The slot displays on the bottom left of the home page.</description>
        <template>slots/content/homepage/home-bottom-left.isml</template>
        <enabled-flag>true</enabled-flag>
        <content>
            <content-assets>
                <content-asset content-id="home-bottom-womens-shoes"/>
            </content-assets>
        </content>
    </slot-configuration>

    <slot-configuration slot-id="home-categories-m" context="global" configuration-id="home-categories" default="true" assigned-to-site="true">
        <description>Category links and images for the home page.</description>
        <template>slots/content/contentAssetBody.isml</template>
        <enabled-flag>true</enabled-flag>
        <content>
            <content-assets>
                <content-asset content-id="home-categories"/>
            </content-assets>
        </content>
    </slot-configuration>

    <slot-configuration slot-id="home-product-set-m" context="global" configuration-id="home-product-set" default="true" assigned-to-site="true">
        <description>homepage product set(Spring Has Sprung) slot</description>
        <template>slots/content/contentAssetBody.isml</template>
        <enabled-flag>true</enabled-flag>
        <content>
            <content-assets>
                <content-asset content-id="home-product-set-content"/>
            </content-assets>
        </content>
    </slot-configuration>

    <slot-configuration slot-id="home-products-m" context="global" configuration-id="home-products" default="true" assigned-to-site="true">
        <description>Homepage product tiles slot.</description>
        <template>slots/product/homePageProductSlot.isml</template>
        <enabled-flag>true</enabled-flag>
        <content>
            <products/>
        </content>
    </slot-configuration>

    <slot-configuration slot-id="home-main-m" context="global" configuration-id="homepage-main-image" default="true" assigned-to-site="true">
        <description>Homepage main home page image</description>
        <template>slots/content/contentAssetBody.isml</template>
        <enabled-flag>true</enabled-flag>
        <content>
            <content-assets>
                <content-asset content-id="home-main"/>
            </content-assets>
        </content>
    </slot-configuration>

    <slot-configuration slot-id="cat-landing-slotbanner-m" context="category" context-id="mens" configuration-id="mens" assigned-to-site="true">
        <description>Default banner for mens category landing page</description>
        <template>slots/category/catLandingBanner.isml</template>
        <enabled-flag>true</enabled-flag>
        <content>
            <categories/>
        </content>
    </slot-configuration>

    <slot-configuration slot-id="cat-banner-m" context="category" context-id="mens-accessories" configuration-id="mens-accessories" default="true" assigned-to-site="true">
        <template>slots/category/cat-banner.isml</template>
        <enabled-flag>true</enabled-flag>
        <content>
            <categories/>
        </content>
    </slot-configuration>

    <slot-configuration slot-id="cat-banner-m" context="category" context-id="mens-clothing" configuration-id="mens-clothing" default="true" assigned-to-site="true">
        <description>Default banner for this category</description>
        <template>slots/category/cat-banner.isml</template>
        <enabled-flag>true</enabled-flag>
        <content>
            <categories/>
        </content>
    </slot-configuration>

    <slot-configuration slot-id="cat-banner-m" context="category" context-id="mens-accessories-gloves" configuration-id="mens-gloves" default="true" assigned-to-site="true">
        <description>Default banner for this category</description>
        <template>slots/category/cat-banner.isml</template>
        <enabled-flag>true</enabled-flag>
        <content>
            <categories/>
        </content>
    </slot-configuration>

    <slot-configuration slot-id="cat-banner-m" context="category" context-id="mens-clothing-jackets" configuration-id="mens-jackets" default="true" assigned-to-site="true">
        <template>slots/category/cat-banner.isml</template>
        <enabled-flag>true</enabled-flag>
        <content>
            <categories/>
        </content>
    </slot-configuration>

    <slot-configuration slot-id="cat-banner-m" context="category" context-id="mens-accessories-luggage" configuration-id="mens-luggage" default="true" assigned-to-site="true">
        <description>Default banner for this category</description>
        <template>slots/category/cat-banner.isml</template>
        <enabled-flag>true</enabled-flag>
        <content>
            <categories/>
        </content>
    </slot-configuration>

    <slot-configuration slot-id="cat-banner-m" context="category" context-id="mens-clothing-pants" configuration-id="mens-pants" default="true" assigned-to-site="true">
        <description>Default banner for this category</description>
        <template>slots/category/cat-banner.isml</template>
        <enabled-flag>true</enabled-flag>
        <content>
            <categories/>
        </content>
    </slot-configuration>

    <slot-configuration slot-id="cat-banner-m" context="category" context-id="mens-clothing-dress-shirts" configuration-id="mens-shirts" default="true" assigned-to-site="true">
        <description>Default banner for this category</description>
        <template>slots/category/cat-banner.isml</template>
        <enabled-flag>true</enabled-flag>
        <content>
            <categories/>
        </content>
    </slot-configuration>

    <slot-configuration slot-id="cat-banner-m" context="category" context-id="mens-clothing-shorts" configuration-id="mens-shorts" default="true" assigned-to-site="true">
        <description>Default banner for this category</description>
        <template>slots/category/cat-banner.isml</template>
        <enabled-flag>true</enabled-flag>
        <content>
            <categories/>
        </content>
    </slot-configuration>

    <slot-configuration slot-id="cat-landing-slotbottom-m" context="category" context-id="mens" configuration-id="mens-subcategories" assigned-to-site="true">
        <description>Default slot to link to sub-categories under men's</description>
        <template>slots/category/categoryTile.isml</template>
        <enabled-flag>true</enabled-flag>
        <content>
            <categories/>
        </content>
    </slot-configuration>

    <slot-configuration slot-id="cat-banner-m" context="category" context-id="mens-clothing-suits" configuration-id="mens-suits" default="true" assigned-to-site="true">
        <description>Default banner for this category</description>
        <template>slots/category/cat-banner.isml</template>
        <enabled-flag>true</enabled-flag>
        <content>
            <categories/>
        </content>
    </slot-configuration>

    <slot-configuration slot-id="cat-banner-m" context="category" context-id="mens-accessories-ties" configuration-id="mens-ties" default="true" assigned-to-site="true">
        <description>Default banner for this category</description>
        <template>slots/category/cat-banner.isml</template>
        <enabled-flag>true</enabled-flag>
        <content>
            <categories/>
        </content>
    </slot-configuration>

    <slot-configuration slot-id="cat-banner-m" context="category" context-id="newarrivals-electronics" configuration-id="newarrivals-electronics" default="true" assigned-to-site="true">
        <description>Default banner for this catagory</description>
        <template>slots/category/cat-banner.isml</template>
        <enabled-flag>true</enabled-flag>
        <content>
            <categories/>
        </content>
    </slot-configuration>

    <slot-configuration slot-id="cat-banner-m" context="category" context-id="newarrivals-mens" configuration-id="newarrivals-men" default="true" assigned-to-site="true">
        <description>Default banner for this category</description>
        <template>slots/category/cat-banner.isml</template>
        <enabled-flag>true</enabled-flag>
        <content>
            <categories/>
        </content>
    </slot-configuration>

    <slot-configuration slot-id="cat-landing-slotbottom2-m" context="category" context-id="newarrivals" configuration-id="newarrivals-mens-products" default="true" assigned-to-site="true">
        <description>New Arrival Products for Mens</description>
        <template>slots/product/product_listing.isml</template>
        <enabled-flag>true</enabled-flag>
        <callout-msg xml:lang="x-default">Mens New Arrivals</callout-msg>
        <content>
            <products/>
        </content>
    </slot-configuration>

    <slot-configuration slot-id="cat-landing-slotbanner-m" context="category" context-id="newarrivals" configuration-id="newarrivals-subcategories" default="true" assigned-to-site="true">
        <description>Default slot to link to sub-categories under new arrivals</description>
        <template>slots/category/categoryTile.isml</template>
        <enabled-flag>true</enabled-flag>
        <content>
            <categories/>
        </content>
    </slot-configuration>

    <slot-configuration slot-id="cat-banner-m" context="category" context-id="newarrivals-womens" configuration-id="newarrivals-women" default="true" assigned-to-site="true">
        <description>Default banner for this category</description>
        <template>slots/category/cat-banner.isml</template>
        <enabled-flag>true</enabled-flag>
        <content>
            <categories/>
        </content>
    </slot-configuration>

    <slot-configuration slot-id="cat-landing-slotbottom-m" context="category" context-id="newarrivals" configuration-id="newarrivals-womens-products" default="true" assigned-to-site="true">
        <description>New Arrival Products for Womens</description>
        <template>slots/product/product_listing.isml</template>
        <enabled-flag>true</enabled-flag>
        <callout-msg xml:lang="x-default">Womens New Arrivals</callout-msg>
        <content>
            <products/>
        </content>
    </slot-configuration>

    <slot-configuration slot-id="noresults-help" context="global" configuration-id="noresults-help" default="true" assigned-to-site="true">
        <description>Recommendations for no result search</description>
        <template>slots/content/contentAssetBody.isml</template>
        <enabled-flag>true</enabled-flag>
        <content>
            <content-assets>
                <content-asset content-id="noresults-help"/>
            </content-assets>
        </content>
    </slot-configuration>

    <slot-configuration slot-id="product-recommendations-m" context="global" configuration-id="pdp-recs-01" default="true" assigned-to-site="true">
        <template>slots/product/pdp.isml</template>
        <enabled-flag>true</enabled-flag>
        <callout-msg xml:lang="x-default">Eins</callout-msg>
        <content>
            <products>
                <product product-id="acc-a1097"/>
                <product product-id="acc-a1042"/>
                <product product-id="acc-a1005"/>
                <product product-id="acc-a1073"/>
            </products>
        </content>
    </slot-configuration>

    <slot-configuration slot-id="search-result-banner-m" context="global" configuration-id="search-results-banner" default="true" assigned-to-site="true">
        <description>Slot Banner that displays above search results</description>
        <template>slots/content/contentAssetBody.isml</template>
        <enabled-flag>true</enabled-flag>
        <content>
            <content-assets>
                <content-asset content-id="search-result-banner"/>
            </content-assets>
        </content>
    </slot-configuration>

    <slot-configuration slot-id="home-bottom-right-m" context="global" configuration-id="this-weeks-deals" default="true" assigned-to-site="true">
        <description>Product Carousel of This Weeks Deals</description>
        <template>slots/product/homerightcarousel.isml</template>
        <enabled-flag>true</enabled-flag>
        <callout-msg xml:lang="x-default">&lt;h2&gt;This Weeks&lt;/h2&gt;&lt;h3&gt;Deals&lt;/h3&gt;</callout-msg>
        <content>
            <products/>
        </content>
    </slot-configuration>

    <slot-configuration slot-id="cat-landing-slotbanner-m" context="category" context-id="womens" configuration-id="womens" default="true" assigned-to-site="true">
        <description>Default banner for womens category landing page</description>
        <template>slots/category/catLandingBanner.isml</template>
        <enabled-flag>true</enabled-flag>
        <content>
            <categories/>
        </content>
    </slot-configuration>

    <slot-configuration slot-id="cat-landing-slotbanner-m" context="category" context-id="womens" configuration-id="womens-abtest" assigned-to-site="false">
        <description>AB Test slot for womens-landing slot</description>
        <template>slots/content/htmlSlotContainer.isml</template>
        <enabled-flag>true</enabled-flag>
        <content>
            <html>
                <body xml:lang="x-default">&lt;img alt="Image for Womens Category" src="images/slot/landing/cat-landing-slotbanner-womens-abtest.jpg?$staticlink$" title="" /&gt;</body>
            </html>
        </content>
    </slot-configuration>

    <slot-configuration slot-id="cat-banner-m" context="category" context-id="womens-accessories" configuration-id="womens-accessories" default="true" assigned-to-site="true">
        <description>Default banner for this category</description>
        <template>slots/category/cat-banner.isml</template>
        <enabled-flag>true</enabled-flag>
        <content>
            <categories/>
        </content>
    </slot-configuration>

    <slot-configuration slot-id="cat-banner-m" context="category" context-id="womens-clothing-bottoms" configuration-id="womens-bottoms" default="true" assigned-to-site="true">
        <description>Default banner for this category</description>
        <template>slots/category/cat-banner.isml</template>
        <enabled-flag>true</enabled-flag>
        <content>
            <categories/>
        </content>
    </slot-configuration>

    <slot-configuration slot-id="cat-banner-m" context="category" context-id="womens-jewelry-bracelets" configuration-id="womens-bracelets" default="true" assigned-to-site="true">
        <description>Default banner for this category</description>
        <template>slots/category/cat-banner.isml</template>
        <enabled-flag>true</enabled-flag>
        <content>
            <categories/>
        </content>
    </slot-configuration>

    <slot-configuration slot-id="cat-banner-m" context="category" context-id="womens-clothing" configuration-id="womens-clothing" default="true" assigned-to-site="true">
        <description>Default banner for this category</description>
        <template>slots/category/cat-banner.isml</template>
        <enabled-flag>true</enabled-flag>
        <content>
            <categories/>
        </content>
    </slot-configuration>

    <slot-configuration slot-id="cat-banner-m" context="category" context-id="womens-clothing-dresses" configuration-id="womens-dresses" default="true" assigned-to-site="true">
        <description>Default banner for this category</description>
        <template>slots/category/cat-banner.isml</template>
        <enabled-flag>true</enabled-flag>
        <content>
            <categories/>
        </content>
    </slot-configuration>

    <slot-configuration slot-id="cat-banner-m" context="category" context-id="womens-jewelry-earrings" configuration-id="womens-earrings" default="true" assigned-to-site="true">
        <template>slots/category/cat-banner.isml</template>
        <enabled-flag>true</enabled-flag>
        <content>
            <categories/>
        </content>
    </slot-configuration>

    <slot-configuration slot-id="cat-banner-m" context="category" context-id="womens-clothing-feeling-red" configuration-id="womens-feelingred" default="true" assigned-to-site="true">
        <description>Default banner for this category</description>
        <template>slots/category/cat-banner.isml</template>
        <enabled-flag>true</enabled-flag>
        <content>
            <categories/>
        </content>
    </slot-configuration>

    <slot-configuration slot-id="cat-banner-m" context="category" context-id="womens-clothing-jackets" configuration-id="womens-jackets" default="true" assigned-to-site="true">
        <template>slots/category/cat-banner.isml</template>
        <enabled-flag>true</enabled-flag>
        <content>
            <categories/>
        </content>
    </slot-configuration>

    <slot-configuration slot-id="cat-banner-m" context="category" context-id="womens-jewelry" configuration-id="womens-jewelry" default="true" assigned-to-site="true">
        <description>Default banner for this category</description>
        <template>slots/category/cat-banner.isml</template>
        <enabled-flag>true</enabled-flag>
        <content>
            <categories/>
        </content>
    </slot-configuration>

    <slot-configuration slot-id="cat-banner-m" context="category" context-id="womens-jewelry-necklaces" configuration-id="womens-necklaces" default="true" assigned-to-site="true">
        <description>Default banner for this category</description>
        <template>slots/category/cat-banner.isml</template>
        <enabled-flag>true</enabled-flag>
        <content>
            <categories/>
        </content>
    </slot-configuration>

    <slot-configuration slot-id="cat-banner-m" context="category" context-id="womens-outfits" configuration-id="womens-outfits" default="true" assigned-to-site="true">
        <description>Default banner for this category</description>
        <template>slots/category/cat-banner.isml</template>
        <enabled-flag>true</enabled-flag>
        <content>
            <categories/>
        </content>
    </slot-configuration>

    <slot-configuration slot-id="cat-banner-m" context="category" context-id="womens-accessories-scarves" configuration-id="womens-scarves" default="true" assigned-to-site="true">
        <description>Default banner for this category</description>
        <template>slots/category/cat-banner.isml</template>
        <enabled-flag>true</enabled-flag>
        <content>
            <categories/>
        </content>
    </slot-configuration>

    <slot-configuration slot-id="cat-banner-m" context="category" context-id="womens-accessories-shoes" configuration-id="womens-shoes-cat-banner" default="true" assigned-to-site="true">
        <description>This is the default banner for the womens shoes banner.</description>
        <template>slots/category/cat-banner.isml</template>
        <enabled-flag>true</enabled-flag>
        <content>
            <categories/>
        </content>
    </slot-configuration>

    <slot-configuration slot-id="cat-landing-slotbottom-m" context="category" context-id="womens" configuration-id="womens-subcategories" default="true" assigned-to-site="true">
        <description>Default slot to link to sub-categories under Womens</description>
        <template>slots/category/categoryTile.isml</template>
        <enabled-flag>true</enabled-flag>
        <content>
            <categories/>
        </content>
    </slot-configuration>

    <slot-configuration slot-id="cat-banner-m" context="category" context-id="womens-clothing-tops" configuration-id="womens-tops" default="true" assigned-to-site="true">
        <description>Default banner for this category</description>
        <template>slots/category/cat-banner.isml</template>
        <enabled-flag>true</enabled-flag>
        <content>
            <categories/>
        </content>
    </slot-configuration>

</slot-configurations>
