{
  "hooks": [
    {
      "name": "dw.system.request.onRequest",
      "script": "~/cartridge/scripts/tracking/dataLayer"
    },
    {
      "name": "app.tracking.getDataLayer",
      "script": "~/cartridge/scripts/tracking/dataLayer"
    },
    {
      "name": "app.tracking.trackNonCached",
      "script": "~/cartridge/scripts/hookProxy/trackingProxy"
    },
    {
      "name": "app.mail.sendMail",
      "script": "~/cartridge/scripts/hookProxy/sendMailProxy"
    },
    {
      "name": "app.template.ajaxPartial",
      "script": "~/cartridge/scripts/hookProxy/templateProxy"
    },
    {
      "name": "app.template.htmlHead",
      "script": "~/cartridge/scripts/hookProxy/templateProxy"
    },
    {
      "name": "app.template.afterFooter",
      "script": "~/cartridge/scripts/hookProxy/templateProxy"
    },
    {
      "name": "app.velocity.writeTemplate",
      "script": "~/cartridge/scripts/velocity/template"
    },
    {
      "name": "app.keymap.importMapping",
      "script": "~/cartridge/scripts/keymap/import"
    },
    {
      "name": "app.objectMapper.buildTplFromJson",
      "script": "~/cartridge/scripts/objectMapper/compiledMapper"
    },
    {
      "name": "app.objectMapper.jsonCallbacks",
      "script": "~/cartridge/scripts/objectMapper/compiledMapper"
    },
    {
      "name": "app.objectMapper.csvCallbacks",
      "script": "~/cartridge/scripts/objectMapper/compiledMapper"
    },
    {
      "name": "app.objectMapper.filters",
      "script": "~/cartridge/scripts/objectMapper/filter"
    },
    {
      "name": "app.objectMapper.newMapFilter",
      "script": "~/cartridge/scripts/objectMapper/filter"
    },
    {
      "name": "app.objectMapper.newRequiredAttributeException",
      "script": "~/cartridge/scripts/objectMapper/filter"
    },
    {
      "name": "app.communication.handler.registerHandler",
      "script": "~/cartridge/scripts/communication/handler"
    },
    {
      "name": "app.communication.handler.hookEnabled",
      "script": "~/cartridge/scripts/communication/handler"
    },
    {
      "name": "app.communication.handler.initialize",
      "script": "~/cartridge/scripts/communication/handler"
    },
    {
      "name": "app.communication.account.created",
      "script": "~/cartridge/scripts/communication/account"
    },
    {
      "name": "app.communication.account.updated",
      "script": "~/cartridge/scripts/communication/account"
    },
    {
      "name": "app.communication.account.passwordChanged",
      "script": "~/cartridge/scripts/communication/account"
    },
    {
      "name": "app.communication.account.passwordReset",
      "script": "~/cartridge/scripts/communication/account"
    },
    {
      "name": "app.communication.account.lockedOut",
      "script": "~/cartridge/scripts/communication/account"
    },
    {
      "name": "app.communication.customerService.contactUs",
      "script": "~/cartridge/scripts/communication/customerService"
    },
    {
      "name": "app.communication.giftCertificate.sendCertificate",
      "script": "~/cartridge/scripts/communication/giftCertificate"
    },
    {
      "name": "app.communication.order.confirmation",
      "script": "~/cartridge/scripts/communication/order"
    },
    {
      "name": "app.customer.email",
      "script": "~/cartridge/scripts/hookProxy/emailProxy"
    }
  ]
}
