<?xml version="1.0" encoding="UTF-8"?>
<jobs xmlns="http://www.demandware.com/xml/impex/jobs/2015-07-01">
    <job job-id="CreateTestInventory" priority="0">
        <description/>
        <parameters/>
        <flow>
            <context site-id="Sites"/>
            <step step-id="GenerateTestInventoryFile" type="custom.Vlocity.GenerateTestInventory" enforce-restart="false">
                <description/>
                <parameters>
                    <parameter name="SourceCatalogID">Telco_Catalog-m</parameter>
                    <parameter name="InventoryListID">TelcoInventory</parameter>
                    <parameter name="Allocation">100</parameter>
                    <parameter name="WorkingFolder">test</parameter>
                    <parameter name="FileName">test_inventory.xml</parameter>
                </parameters>
            </step>
            <step step-id="ImportGeneratedFile" type="ImportInventoryLists" enforce-restart="true">
                <description/>
                <parameters>
                    <parameter name="WorkingFolder">test</parameter>
                    <parameter name="FileNamePattern">test_inventory.xml</parameter>
                    <parameter name="NoFilesFoundHandling">NO_FILES_FOUND</parameter>
                    <parameter name="ImportMode">Merge</parameter>
                    <parameter name="ImportFailedHandling">WARN</parameter>
                    <parameter name="AfterImportFileHandling">Keep</parameter>
                    <parameter name="ArchiveFolder">archive</parameter>
                </parameters>
            </step>
        </flow>
        <rules/>
        <triggers>
            <run-once enabled="false">
                <date>2021-04-15Z</date>
                <time>10:22:26.000Z</time>
            </run-once>
        </triggers>
    </job>

    <job job-id="cle" priority="0">
        <description/>
        <parameters/>
        <flow>
            <context site-id="Telco"/>
            <step step-id="Reindex" type="SearchReindex" enforce-restart="false">
                <description/>
                <parameters>
                    <parameter name="Product related search indexes">true</parameter>
                    <parameter name="Active data search index">true</parameter>
                    <parameter name="Content search index">true</parameter>
                    <parameter name="Indexer Type">Full Index Rebuild</parameter>
                </parameters>
            </step>
        </flow>
        <flow>
            <context site-id="Telco"/>
            <step step-id="RefreshCache" type="InvalidateCache" enforce-restart="false">
                <description/>
                <parameters>
                    <parameter name="InvalidatePageCache">true</parameter>
                    <parameter name="InvalidateStaticCache">true</parameter>
                </parameters>
            </step>
        </flow>
        <rules/>
        <triggers>
            <run-once enabled="false">
                <date>2021-04-21Z</date>
                <time>07:14:32.000Z</time>
            </run-once>
        </triggers>
    </job>

    <job job-id="ImportVlocityCatalog" priority="1">
        <description>ImportVlocityCatalog</description>
        <parameters>
            <parameter name="FolderName">catalog/VlocityCatalogPublish</parameter>
        </parameters>
        <flow>
            <context site-id="Sites"/>
            <step step-id="ImportCategories" type="ImportCatalog" enforce-restart="false">
                <description>Import Vlocity Categories</description>
                <parameters>
                    <parameter name="WorkingFolder" job-parameter-ref="FolderName"/>
                    <parameter name="FileNamePattern">^Catalog.*xml$</parameter>
                    <parameter name="NoFilesFoundHandling">NO_FILES_FOUND</parameter>
                    <parameter name="ImportMode">Merge</parameter>
                    <parameter name="ImportFailedHandling">WARN</parameter>
                    <parameter name="AfterImportFileHandling">Archive</parameter>
                    <parameter name="ArchiveFolder">archive</parameter>
                </parameters>
            </step>
            <step step-id="ImportProducts" type="ImportCatalog" enforce-restart="false">
                <description>Import Products</description>
                <parameters>
                    <parameter name="WorkingFolder" job-parameter-ref="FolderName"/>
                    <parameter name="FileNamePattern">^Product(Child|Master).*xml$</parameter>
                    <parameter name="NoFilesFoundHandling">NO_FILES_FOUND</parameter>
                    <parameter name="ImportMode">Merge</parameter>
                    <parameter name="ImportFailedHandling">WARN</parameter>
                    <parameter name="AfterImportFileHandling">Archive</parameter>
                    <parameter name="ArchiveFolder">archive</parameter>
                </parameters>
            </step>
            <step step-id="ImportProductCustomAttributes" type="ImportCatalog" enforce-restart="false">
                <description>Import CustomAttributes of Product</description>
                <parameters>
                    <parameter name="WorkingFolder" job-parameter-ref="FolderName"/>
                    <parameter name="FileNamePattern">^Product.*xml$</parameter>
                    <parameter name="NoFilesFoundHandling">NO_FILES_FOUND</parameter>
                    <parameter name="ImportMode">Merge</parameter>
                    <parameter name="ImportFailedHandling">WARN</parameter>
                    <parameter name="AfterImportFileHandling">Archive</parameter>
                    <parameter name="ArchiveFolder">archive</parameter>
                </parameters>
            </step>
            <step step-id="ImportCatalogProductAssign" type="ImportCatalog" enforce-restart="false">
                <description>Import Catalog Product Assignment</description>
                <parameters>
                    <parameter name="WorkingFolder" job-parameter-ref="FolderName"/>
                    <parameter name="FileNamePattern">^CategoriesAndProductAssn.*xml$</parameter>
                    <parameter name="NoFilesFoundHandling">NO_FILES_FOUND</parameter>
                    <parameter name="ImportMode">Merge</parameter>
                    <parameter name="ImportFailedHandling">WARN</parameter>
                    <parameter name="AfterImportFileHandling">Archive</parameter>
                    <parameter name="ArchiveFolder">archive</parameter>
                </parameters>
            </step>
            <step step-id="ImportPricing" type="ImportPriceBook" enforce-restart="false">
                <description>ImportPricing</description>
                <parameters>
                    <parameter name="WorkingFolder" job-parameter-ref="FolderName"/>
                    <parameter name="FileNamePattern">^Pricing.*xml$</parameter>
                    <parameter name="NoFilesFoundHandling">NO_FILES_FOUND</parameter>
                    <parameter name="ImportMode">Merge</parameter>
                    <parameter name="ImportFailedHandling">WARN</parameter>
                    <parameter name="AfterImportFileHandling">Archive</parameter>
                    <parameter name="ArchiveFolder">archive</parameter>
                </parameters>
            </step>
            <step step-id="DeleteProducts" type="ImportCatalog" enforce-restart="false">
                <description/>
                <parameters>
                    <parameter name="WorkingFolder" job-parameter-ref="FolderName"/>
                    <parameter name="FileNamePattern">^DeleteProduct.*xml$</parameter>
                    <parameter name="NoFilesFoundHandling">NO_FILES_FOUND</parameter>
                    <parameter name="ImportMode">Delete</parameter>
                    <parameter name="ImportFailedHandling">WARN</parameter>
                    <parameter name="AfterImportFileHandling">Archive</parameter>
                    <parameter name="ArchiveFolder">archive</parameter>
                </parameters>
            </step>
            <step step-id="ImportMasterCatalogData" type="ImportCatalog" enforce-restart="false">
                <description>ImportMasterCatalogData</description>
                <parameters>
                    <parameter name="WorkingFolder" job-parameter-ref="FolderName"/>
                    <parameter name="FileNamePattern">^MasterCatalog.*xml$</parameter>
                    <parameter name="NoFilesFoundHandling">NO_FILES_FOUND</parameter>
                    <parameter name="ImportMode">Merge</parameter>
                    <parameter name="ImportFailedHandling">WARN</parameter>
                    <parameter name="AfterImportFileHandling">Archive</parameter>
                    <parameter name="ArchiveFolder">archive</parameter>
                </parameters>
            </step>
        </flow>
        <flow>
            <context site-id="Telco"/>
            <step step-id="Reindex" type="SearchReindex" enforce-restart="false">
                <description/>
                <parameters>
                    <parameter name="Product related search indexes">true</parameter>
                    <parameter name="Active data search index">true</parameter>
                    <parameter name="Content search index">true</parameter>
                    <parameter name="Indexer Type">Full Index Rebuild</parameter>
                </parameters>
            </step>
        </flow>
        <flow>
            <context site-id="Telco"/>
            <step step-id="RefreshCache" type="InvalidateCache" enforce-restart="false">
                <description/>
                <parameters>
                    <parameter name="InvalidatePageCache">true</parameter>
                    <parameter name="InvalidateStaticCache">true</parameter>
                </parameters>
            </step>
        </flow>
        <rules/>
        <triggers>
            <run-recurring enabled="false">
                <recurrence>
                    <date-from>2020-07-10Z</date-from>
                    <start-time>17:00:15.000Z</start-time>
                    <interval>12M</interval>
                    <day-of-week>
                        <weekday>Saturday</weekday>
                        <weekday>Thursday</weekday>
                        <weekday>Monday</weekday>
                        <weekday>Tuesday</weekday>
                        <weekday>Wednesday</weekday>
                        <weekday>Friday</weekday>
                    </day-of-week>
                </recurrence>
            </run-recurring>
        </triggers>
    </job>

</jobs>
