<?xml version="1.0" encoding="UTF-8"?>
<services xmlns="http://www.demandware.com/xml/impex/services/2014-09-26">
    <service-credential service-credential-id="vlocity.auth.credentials">
        <url>https://login.salesforce.com/services/oauth2/token</url>
        <user-id>admin-user@my-vdo-domain.com</user-id>
        <password masked="true">********</password>
        <custom-attributes>
            <custom-attribute attribute-id="vlocity_cmt_ClientId">3MVG9Nk1FpUrSQHe4YzrRh.3JRdqXD.JnK_p92ljOLecvD6Hcn8w10_0rSvREbWZLEdPS0snMViQdPsWYbgJX</custom-attribute>
            <custom-attribute attribute-id="vlocity_cmt_ClientSecret">qQhBiJwnlShjjqHktNbihQpuM67S36rB2yfW7nY5CHGsRk6LIQaO+mvQUAWS6YWAuxH5gBqZAps6sNJeNrqIYlm+T3LRbTwlR8xHgFV9Ege0EfbISwJoG0bhSf9r9xI+</custom-attribute>
        </custom-attributes>
    </service-credential>

    <service-profile service-profile-id="vlocity.profile">
        <timeout-millis>30000</timeout-millis>
        <rate-limit-enabled>false</rate-limit-enabled>
        <rate-limit-calls>0</rate-limit-calls>
        <rate-limit-millis>0</rate-limit-millis>
        <cb-enabled>true</cb-enabled>
        <cb-calls>2</cb-calls>
        <cb-millis>10</cb-millis>
    </service-profile>

    <service service-id="vlocity.auth">
        <service-type>HTTP</service-type>
        <enabled>true</enabled>
        <log-prefix>vlocity-auth</log-prefix>
        <comm-log-enabled>false</comm-log-enabled>
        <force-prd-enabled>true</force-prd-enabled>
        <mock-mode-enabled>false</mock-mode-enabled>
        <profile-id>vlocity.profile</profile-id>
        <credential-id>vlocity.auth.credentials</credential-id>
    </service>

    <service service-id="vlocity.rest">
        <service-type>HTTP</service-type>
        <enabled>true</enabled>
        <log-prefix>vlocity-rest</log-prefix>
        <comm-log-enabled>false</comm-log-enabled>
        <force-prd-enabled>true</force-prd-enabled>
        <mock-mode-enabled>false</mock-mode-enabled>
        <profile-id>vlocity.profile</profile-id>
        <credential-id/>
    </service>

</services>
