{
    "_v": "20.4",
    "clients": [{
        "client_id": "a45fd75e-4c2a-41c2-b946-bbecfecc9e87",
        "resources": [{
            "resource_id": "/sites",
            "methods": ["get"],
            "read_attributes": "(**)",
            "write_attributes": "(**)"
        }, {
            "resource_id": "/custom_objects_search/*",
            "methods": ["post"],
            "read_attributes": "(**)",
            "write_attributes": "(**)"
        }, {
            "resource_id": "/custom_objects/*/*",
            "methods": ["get", "put"],
            "read_attributes": "(**)",
            "write_attributes": "(**)"
        }, {
            "resource_id": "/system_object_definitions/*/attribute_definitions/*",
            "methods": ["put"],
            "read_attributes": "(**)",
            "write_attributes": "(**)"
        }, {
            "resource_id": "/libraries/*/folders/*",
            "methods": ["get", "put", "patch", "delete"],
            "read_attributes": "(**)",
            "write_attributes": "(**)"
        }, {
            "resource_id": "/libraries/*/folders/*/content",
            "methods": ["get"],
            "read_attributes": "(**)",
            "write_attributes": "(**)"
        }, {
            "resource_id": "/libraries/*/folders/*/sub_folders",
            "methods": ["get"],
            "read_attributes": "(**)",
            "write_attributes": "(**)"
        }, {
            "resource_id": "/libraries/*/content/*",
            "methods": ["get", "put", "patch", "delete"],
            "read_attributes": "(**)",
            "write_attributes": "(**)"
        }, {
            "resource_id": "/libraries/*/content/*/folders",
            "methods": ["get"],
            "read_attributes": "(**)",
            "write_attributes": "(**)"
        }, {
            "resource_id": "/libraries/*/folder_assignments/*/*",
            "methods": ["get", "put", "delete"],
            "read_attributes": "(**)",
            "write_attributes": "(**)"
        },{
            "methods": ["get"],
            "read_attributes": "(**)",
            "write_attributes": "(**)",
            "resource_id": "/code_versions"
        }, {
            "methods": ["patch"],
            "read_attributes": "(**)",
            "write_attributes": "(**)",
            "resource_id": "/code_versions/*"
        }, {
            "methods": ["post"],
            "read_attributes": "(**)",
            "write_attributes": "(**)",
            "resource_id": "/jobs/*/executions"
        }, {
            "methods": ["get"],
            "read_attributes": "(**)",
            "write_attributes": "(**)",
            "resource_id": "/jobs/*/executions/*"
        }, {
            "methods": ["post"],
            "read_attributes": "(**)",
            "write_attributes": "(**)",
            "resource_id": "/sites/*/cartridges"
        }]
    }]
}