{
    "DCAPI_GET_OFFERS": "/services/apexrest/{0}/v3/catalogs/{1}/offers/",
    "DCAPI_GET_OFFER_DETAILS": "/services/apexrest/{0}/v3/catalogs/{1}/offers/{2}",
    "DCAPI_GET_BASKET_DETAILS": "/services/apexrest/{0}/v3/catalogs/{1}/basket/{2}",
    "DCAPI_CREATE_BASKET": "/services/apexrest/{0}/v3/catalogs/{1}/basket",
    "DCAPI_MODIFY_BASKET": "/services/apexrest/{0}/v3/catalogs/{1}/basket/{2}",
    "DCAPI_CREATE_CART" : "/services/apexrest/{0}/v3/carts",
    "CREATE_ACCOUNT": "/services/apexrest/{0}/v1/integrationprocedure/VPL_CreateAccount/",
    "GET_ASSETS" :"/services/apexrest/{0}/v2/accounts/{1}/assets"  ,
    "DCAPI_ASSET_TO_ORDER":"/services/apexrest/{0}/v3/catalogs/{1}/basket",
    "VPL_CREATE_ACCOUNT": "/services/apexrest/{0}/v1/integrationprocedure/VPL_CreateAccount/",
    "VPL_SUBMIT_ORDER": "/services/apexrest/{0}/v1/integrationprocedure/VPL_SubmitOrder",
    "FETCH_GRAPH": "/services/apexrest/{0}/v1/graphs/{1}"
}
